<mets:mets xmlns:xsi="http://www.w3.org/2001/XMLSchema-instance" xmlns:xlink="http://www.w3.org/1999/xlink" xmlns:vls="http://semantics.de/vls" xmlns:mets="http://www.loc.gov/METS/" xsi:schemaLocation="http://www.loc.gov/METS/ http://www.loc.gov/standards/mets/version18/mets.xsd">
   <mets:metsHdr CREATEDATE="2019-02-13T17:26:23.583+01:00">
      <mets:agent OTHERTYPE="SOFTWARE" ROLE="CREATOR" TYPE="OTHER">
         <mets:name>DFG-Koordinierungsprojekt zur Weiterentwicklung von Verfahren der Optical
          Character Recognition (OCR-D)</mets:name>
         <mets:note>OCR-D</mets:note>
      </mets:agent>
   </mets:metsHdr>
   <mets:dmdSec ID="dmdSec_0001">
      <mets:mdWrap MDTYPE="MODS">
         <mets:xmlData>
            <mods:mods xmlns:mods="http://www.loc.gov/mods/v3">
               <mods:location>
                  <mods:physicalLocation>Staatsbibliothek zu Berlin – Preußischer Kulturbesitz</mods:physicalLocation>
                  <mods:shelfLocator>SBB-PK, Fe 4332</mods:shelfLocator>
                  <mods:url>http://stabikat.de/DB=1/SET=12/TTL=1/CMD?ACT=SRCHA&amp;IKT=1016&amp;SRT=YOP&amp;TRM=427906857</mods:url>
               </mods:location>
               <mods:originInfo>
                  <mods:place>
                     <mods:placeTerm type="text">Leipzig</mods:placeTerm>
                  </mods:place>
                  <mods:dateIssued encoding="w3cdtf" keyDate="yes">1855</mods:dateIssued>
                  <mods:publisher>
                     Teubner
                  </mods:publisher>
               </mods:originInfo>
               <mods:originInfo>
                  <mods:dateCaptured encoding="w3cdtf">2018-05-16T09:19:11Z</mods:dateCaptured>
                  <mods:edition>[Electronic ed.]</mods:edition>
               </mods:originInfo>
               <mods:classification authority="DTA">Fachtext</mods:classification>
               <mods:classification authority="DTA">Ökonomie</mods:classification>
               <mods:identifier type="urn">urn:nbn:de:kobv:b4-200905193739</mods:identifier>
               <mods:identifier type="purl">http://www.deutschestextarchiv.de/mangoldt_unternehmergewinn_1855</mods:identifier>
               <mods:identifier type="dtaid">16312</mods:identifier>
               <mods:titleInfo>
                  <mods:title>Die Lehre vom Unternehmergewinn</mods:title>
                  <mods:subTitle>Ein Beitrag zur Volkswirthschaftslehre</mods:subTitle>
               </mods:titleInfo>
               <mods:language>
                  <mods:languageTerm authority="iso639-2b" type="code">deu</mods:languageTerm>
               </mods:language>
               <mods:relatedItem type="series">
                  <mods:titleInfo>
                     <mods:title/>
                  </mods:titleInfo>
               </mods:relatedItem>
               <mods:name type="personal">
                  <mods:role>
                     <mods:roleTerm authority="marcrelator" type="code">aut</mods:roleTerm>
                  </mods:role>
                  <mods:namePart type="family">Mangoldt</mods:namePart>
                  <mods:namePart type="given">Hans von</mods:namePart>
                  <mods:displayForm>Hans von Mangoldt</mods:displayForm>
               </mods:name>
               <mods:physicalDescription>
                  <mods:extent>VI, 174 S.</mods:extent>
               </mods:physicalDescription>
               <mods:accessCondition type="use and reproduction" xlink:href="https://creativecommons.org/publicdomain/mark/1.0/">Public Domain Mark 1.0</mods:accessCondition>
               <mods:typeOfResource>text</mods:typeOfResource>
               <mods:accessCondition displayLabel="Access Status" type="restriction on access" xlink:href="http://purl.org/coar/access_right/c_abf2">open access</mods:accessCondition>
               <mods:extension>
                  <zvdd:zvddWrap xmlns:zvdd="http://zvdd.gdz-cms.de/">
                     <zvdd:titleWord>Die Lehre vom Unternehmergewinn Ein Beitrag zur Volkswirthschaftslehre</zvdd:titleWord>
                  </zvdd:zvddWrap>
               </mods:extension>
            </mods:mods>
         </mets:xmlData>
      </mets:mdWrap>
   </mets:dmdSec>
   <mets:dmdSec ID="DMGT_0001">
      <mets:mdWrap MDTYPE="OTHER" OTHERMDTYPE="GT">
         <mets:xmlData>
            <gt:gt xmlns:gt="http://www.ocr-d.de/GT/">
               <gt:state prop="granularity/physical/document-related/region"/>
            </gt:gt>
         </mets:xmlData>
      </mets:mdWrap>
   </mets:dmdSec>
   <mets:dmdSec ID="DMGT_0002">
      <mets:mdWrap MDTYPE="OTHER" OTHERMDTYPE="GT">
         <mets:xmlData>
            <gt:gt xmlns:gt="http://www.ocr-d.de/GT/">
               <gt:state prop="granularity/physical/document-related/region"/>
            </gt:gt>
         </mets:xmlData>
      </mets:mdWrap>
   </mets:dmdSec>
   <mets:dmdSec ID="DMGT_0003">
      <mets:mdWrap MDTYPE="OTHER" OTHERMDTYPE="GT">
         <mets:xmlData>
            <gt:gt xmlns:gt="http://www.ocr-d.de/GT/">
               <gt:state prop="granularity/physical/document-related/region"/>
            </gt:gt>
         </mets:xmlData>
      </mets:mdWrap>
   </mets:dmdSec>
   <mets:dmdSec ID="DMGT_0004">
      <mets:mdWrap MDTYPE="OTHER" OTHERMDTYPE="GT">
         <mets:xmlData>
            <gt:gt xmlns:gt="http://www.ocr-d.de/GT/">
               <gt:state prop="granularity/physical/document-related/region"/>
            </gt:gt>
         </mets:xmlData>
      </mets:mdWrap>
   </mets:dmdSec>
   <mets:dmdSec ID="DMGT_0005">
      <mets:mdWrap MDTYPE="OTHER" OTHERMDTYPE="GT">
         <mets:xmlData>
            <gt:gt xmlns:gt="http://www.ocr-d.de/GT/">
               <gt:state prop="granularity/physical/document-related/region"/>
            </gt:gt>
         </mets:xmlData>
      </mets:mdWrap>
   </mets:dmdSec>
   <mets:dmdSec ID="DMGT_0006">
      <mets:mdWrap MDTYPE="OTHER" OTHERMDTYPE="GT">
         <mets:xmlData>
            <gt:gt xmlns:gt="http://www.ocr-d.de/GT/">
               <gt:state prop="granularity/physical/document-related/region"/>
            </gt:gt>
         </mets:xmlData>
      </mets:mdWrap>
   </mets:dmdSec>
   <mets:dmdSec ID="DMGT_0007">
      <mets:mdWrap MDTYPE="OTHER" OTHERMDTYPE="GT">
         <mets:xmlData>
            <gt:gt xmlns:gt="http://www.ocr-d.de/GT/">
               <gt:state prop="granularity/physical/document-related/region"/>
            </gt:gt>
         </mets:xmlData>
      </mets:mdWrap>
   </mets:dmdSec>
   <mets:dmdSec ID="DMGT_0008">
      <mets:mdWrap MDTYPE="OTHER" OTHERMDTYPE="GT">
         <mets:xmlData>
            <gt:gt xmlns:gt="http://www.ocr-d.de/GT/">
               <gt:state prop="granularity/physical/document-related/region"/>
            </gt:gt>
         </mets:xmlData>
      </mets:mdWrap>
   </mets:dmdSec>
   <mets:amdSec ID="amdSec_0001">
      <mets:rightsMD ID="rights_0001">
         <mets:mdWrap MDTYPE="OTHER" OTHERMDTYPE="DVRIGHTS" MIMETYPE="text/xml">
            <mets:xmlData>
               <DV:rights xmlns:DV="http://dfg-viewer.de/">
                  <DV:owner>Koordinierte Förderinitiative zur Weiterentwicklung von Verfahren für die
                Optical-Character-Recognition OCR-D</DV:owner>
                  <DV:ownerLogo>http://ocr-d.de/sites/default/files/Header1-Text-gold_3.png</DV:ownerLogo>
                  <DV:ownerSiteURL>http://ocr-d.de/</DV:ownerSiteURL>
                  <DV:ownerContact>mailto:ocrd@bbaw.de</DV:ownerContact>
               </DV:rights>
            </mets:xmlData>
         </mets:mdWrap>
      </mets:rightsMD>
      <mets:digiprovMD ID="digiprovMD_0001">
         <mets:mdWrap MIMETYPE="text/xml" MDTYPE="OTHER" OTHERMDTYPE="DVLINKS">
            <mets:xmlData>
               <DV:links xmlns:DV="http://dfg-viewer.de/">
                  <DV:reference/>
                  <DV:presentation>http://www.deutschestextarchiv.de/mangoldt_unternehmergewinn_1855</DV:presentation>
               </DV:links>
            </mets:xmlData>
         </mets:mdWrap>
      </mets:digiprovMD>
   </mets:amdSec>
   <mets:fileSec>
      <mets:fileGrp USE="DEFAULT">
         <mets:file MIMETYPE="image/jpeg" ID="DEFAULT_0001">
            <mets:FLocat LOCTYPE="URL" xlink:href="http://media.dwds.de/dta/images/mangoldt_unternehmergewinn_1855/mangoldt_unternehmergewinn_1855_0025_800px.jpg"/>
         </mets:file>
         <mets:file MIMETYPE="image/jpeg" ID="DEFAULT_0002">
            <mets:FLocat LOCTYPE="URL" xlink:href="http://media.dwds.de/dta/images/mangoldt_unternehmergewinn_1855/mangoldt_unternehmergewinn_1855_0029_800px.jpg"/>
         </mets:file>
         <mets:file MIMETYPE="image/jpeg" ID="DEFAULT_0003">
            <mets:FLocat LOCTYPE="URL" xlink:href="http://media.dwds.de/dta/images/mangoldt_unternehmergewinn_1855/mangoldt_unternehmergewinn_1855_0031_800px.jpg"/>
         </mets:file>
         <mets:file MIMETYPE="image/jpeg" ID="DEFAULT_0004">
            <mets:FLocat LOCTYPE="URL" xlink:href="http://media.dwds.de/dta/images/mangoldt_unternehmergewinn_1855/mangoldt_unternehmergewinn_1855_0056_800px.jpg"/>
         </mets:file>
         <mets:file MIMETYPE="image/jpeg" ID="DEFAULT_0005">
            <mets:FLocat LOCTYPE="URL" xlink:href="http://media.dwds.de/dta/images/mangoldt_unternehmergewinn_1855/mangoldt_unternehmergewinn_1855_0071_800px.jpg"/>
         </mets:file>
         <mets:file MIMETYPE="image/jpeg" ID="DEFAULT_0006">
            <mets:FLocat LOCTYPE="URL" xlink:href="http://media.dwds.de/dta/images/mangoldt_unternehmergewinn_1855/mangoldt_unternehmergewinn_1855_0109_800px.jpg"/>
         </mets:file>
         <mets:file MIMETYPE="image/jpeg" ID="DEFAULT_0007">
            <mets:FLocat LOCTYPE="URL" xlink:href="http://media.dwds.de/dta/images/mangoldt_unternehmergewinn_1855/mangoldt_unternehmergewinn_1855_0110_800px.jpg"/>
         </mets:file>
         <mets:file MIMETYPE="image/jpeg" ID="DEFAULT_0008">
            <mets:FLocat LOCTYPE="URL" xlink:href="http://media.dwds.de/dta/images/mangoldt_unternehmergewinn_1855/mangoldt_unternehmergewinn_1855_0175_800px.jpg"/>
         </mets:file>
      </mets:fileGrp>
      <mets:fileGrp USE="OCR-D-IMG">
         <mets:file MIMETYPE="image/jpeg" ID="OCR-D-IMG_0001">
            <mets:FLocat LOCTYPE="URL" xlink:href="OCR-D-IMG/OCR-D-IMG_0001.jpg"/>
         </mets:file>
         <mets:file MIMETYPE="image/jpeg" ID="OCR-D-IMG_0002">
            <mets:FLocat LOCTYPE="URL" xlink:href="OCR-D-IMG/OCR-D-IMG_0002.jpg"/>
         </mets:file>
         <mets:file MIMETYPE="image/jpeg" ID="OCR-D-IMG_0003">
            <mets:FLocat LOCTYPE="URL" xlink:href="OCR-D-IMG/OCR-D-IMG_0003.jpg"/>
         </mets:file>
         <mets:file MIMETYPE="image/jpeg" ID="OCR-D-IMG_0004">
            <mets:FLocat LOCTYPE="URL" xlink:href="OCR-D-IMG/OCR-D-IMG_0004.jpg"/>
         </mets:file>
         <mets:file MIMETYPE="image/jpeg" ID="OCR-D-IMG_0005">
            <mets:FLocat LOCTYPE="URL" xlink:href="OCR-D-IMG/OCR-D-IMG_0005.jpg"/>
         </mets:file>
         <mets:file MIMETYPE="image/jpeg" ID="OCR-D-IMG_0006">
            <mets:FLocat LOCTYPE="URL" xlink:href="OCR-D-IMG/OCR-D-IMG_0006.jpg"/>
         </mets:file>
         <mets:file MIMETYPE="image/jpeg" ID="OCR-D-IMG_0007">
            <mets:FLocat LOCTYPE="URL" xlink:href="OCR-D-IMG/OCR-D-IMG_0007.jpg"/>
         </mets:file>
         <mets:file MIMETYPE="image/jpeg" ID="OCR-D-IMG_0008">
            <mets:FLocat LOCTYPE="URL" xlink:href="OCR-D-IMG/OCR-D-IMG_0008.jpg"/>
         </mets:file>
      </mets:fileGrp>
      <mets:fileGrp USE="OCR-D-GT-SEG-PAGE">
         <mets:file MIMETYPE="application/vnd.prima.page+xml" ID="OCR-D-GT-SEG-PAGE_0001">
            <mets:FLocat LOCTYPE="URL" xlink:href="OCR-D-GT-SEG-PAGE/OCR-D-GT-SEG-PAGE_0001.xml"/>
         </mets:file>
         <mets:file MIMETYPE="application/vnd.prima.page+xml" ID="OCR-D-GT-SEG-PAGE_0002">
            <mets:FLocat LOCTYPE="URL" xlink:href="OCR-D-GT-SEG-PAGE/OCR-D-GT-SEG-PAGE_0002.xml"/>
         </mets:file>
         <mets:file MIMETYPE="application/vnd.prima.page+xml" ID="OCR-D-GT-SEG-PAGE_0003">
            <mets:FLocat LOCTYPE="URL" xlink:href="OCR-D-GT-SEG-PAGE/OCR-D-GT-SEG-PAGE_0003.xml"/>
         </mets:file>
         <mets:file MIMETYPE="application/vnd.prima.page+xml" ID="OCR-D-GT-SEG-PAGE_0004">
            <mets:FLocat LOCTYPE="URL" xlink:href="OCR-D-GT-SEG-PAGE/OCR-D-GT-SEG-PAGE_0004.xml"/>
         </mets:file>
         <mets:file MIMETYPE="application/vnd.prima.page+xml" ID="OCR-D-GT-SEG-PAGE_0005">
            <mets:FLocat LOCTYPE="URL" xlink:href="OCR-D-GT-SEG-PAGE/OCR-D-GT-SEG-PAGE_0005.xml"/>
         </mets:file>
         <mets:file MIMETYPE="application/vnd.prima.page+xml" ID="OCR-D-GT-SEG-PAGE_0006">
            <mets:FLocat LOCTYPE="URL" xlink:href="OCR-D-GT-SEG-PAGE/OCR-D-GT-SEG-PAGE_0006.xml"/>
         </mets:file>
         <mets:file MIMETYPE="application/vnd.prima.page+xml" ID="OCR-D-GT-SEG-PAGE_0007">
            <mets:FLocat LOCTYPE="URL" xlink:href="OCR-D-GT-SEG-PAGE/OCR-D-GT-SEG-PAGE_0007.xml"/>
         </mets:file>
         <mets:file MIMETYPE="application/vnd.prima.page+xml" ID="OCR-D-GT-SEG-PAGE_0008">
            <mets:FLocat LOCTYPE="URL" xlink:href="OCR-D-GT-SEG-PAGE/OCR-D-GT-SEG-PAGE_0008.xml"/>
         </mets:file>
      </mets:fileGrp>
      <mets:fileGrp USE="OCR-D-GT-SEG-BLOCK">
         <mets:file MIMETYPE="application/vnd.prima.page+xml" ID="OCR-D-GT-SEG-BLOCK_0001">
            <mets:FLocat LOCTYPE="URL" xlink:href="OCR-D-GT-SEG-BLOCK/OCR-D-GT-SEG-BLOCK_0001.xml"/>
         </mets:file>
         <mets:file MIMETYPE="application/vnd.prima.page+xml" ID="OCR-D-GT-SEG-BLOCK_0002">
            <mets:FLocat LOCTYPE="URL" xlink:href="OCR-D-GT-SEG-BLOCK/OCR-D-GT-SEG-BLOCK_0002.xml"/>
         </mets:file>
         <mets:file MIMETYPE="application/vnd.prima.page+xml" ID="OCR-D-GT-SEG-BLOCK_0003">
            <mets:FLocat LOCTYPE="URL" xlink:href="OCR-D-GT-SEG-BLOCK/OCR-D-GT-SEG-BLOCK_0003.xml"/>
         </mets:file>
         <mets:file MIMETYPE="application/vnd.prima.page+xml" ID="OCR-D-GT-SEG-BLOCK_0004">
            <mets:FLocat LOCTYPE="URL" xlink:href="OCR-D-GT-SEG-BLOCK/OCR-D-GT-SEG-BLOCK_0004.xml"/>
         </mets:file>
         <mets:file MIMETYPE="application/vnd.prima.page+xml" ID="OCR-D-GT-SEG-BLOCK_0005">
            <mets:FLocat LOCTYPE="URL" xlink:href="OCR-D-GT-SEG-BLOCK/OCR-D-GT-SEG-BLOCK_0005.xml"/>
         </mets:file>
         <mets:file MIMETYPE="application/vnd.prima.page+xml" ID="OCR-D-GT-SEG-BLOCK_0006">
            <mets:FLocat LOCTYPE="URL" xlink:href="OCR-D-GT-SEG-BLOCK/OCR-D-GT-SEG-BLOCK_0006.xml"/>
         </mets:file>
         <mets:file MIMETYPE="application/vnd.prima.page+xml" ID="OCR-D-GT-SEG-BLOCK_0007">
            <mets:FLocat LOCTYPE="URL" xlink:href="OCR-D-GT-SEG-BLOCK/OCR-D-GT-SEG-BLOCK_0007.xml"/>
         </mets:file>
         <mets:file MIMETYPE="application/vnd.prima.page+xml" ID="OCR-D-GT-SEG-BLOCK_0008">
            <mets:FLocat LOCTYPE="URL" xlink:href="OCR-D-GT-SEG-BLOCK/OCR-D-GT-SEG-BLOCK_0008.xml"/>
         </mets:file>
      </mets:fileGrp>
   </mets:fileSec>
   <mets:structMap TYPE="LOGICAL">
      <mets:div TYPE="Monograph" DMDID="dmdSec_0001" ADMID="amdSec_0001" ID="loc_0001">
         <mets:div ID="loc_d1e417" TYPE="Chapter" LABEL=""/>
      </mets:div>
   </mets:structMap>
   <mets:structMap TYPE="PHYSICAL">
      <mets:div TYPE="physSequence" ID="physroot">
         <mets:div ID="phys_0001" TYPE="page" DMDID="DMGT_0001" ORDER="1">
            <mets:fptr FILEID="DEFAULT_0001"/>
            <mets:fptr FILEID="OCR-D-IMG_0001"/>
            <mets:fptr FILEID="OCR-D-GT-SEG-PAGE_0001"/>
            <mets:fptr FILEID="OCR-D-GT-SEG-BLOCK_0001"/>
         </mets:div>
         <mets:div ID="phys_0002" TYPE="page" DMDID="DMGT_0002" ORDER="2">
            <mets:fptr FILEID="DEFAULT_0002"/>
            <mets:fptr FILEID="OCR-D-IMG_0002"/>
            <mets:fptr FILEID="OCR-D-GT-SEG-PAGE_0002"/>
            <mets:fptr FILEID="OCR-D-GT-SEG-BLOCK_0002"/>
         </mets:div>
         <mets:div ID="phys_0003" TYPE="page" DMDID="DMGT_0003" ORDER="3">
            <mets:fptr FILEID="DEFAULT_0003"/>
            <mets:fptr FILEID="OCR-D-IMG_0003"/>
            <mets:fptr FILEID="OCR-D-GT-SEG-PAGE_0003"/>
            <mets:fptr FILEID="OCR-D-GT-SEG-BLOCK_0003"/>
         </mets:div>
         <mets:div ID="phys_0004" TYPE="page" DMDID="DMGT_0004" ORDER="4">
            <mets:fptr FILEID="DEFAULT_0004"/>
            <mets:fptr FILEID="OCR-D-IMG_0004"/>
            <mets:fptr FILEID="OCR-D-GT-SEG-PAGE_0004"/>
            <mets:fptr FILEID="OCR-D-GT-SEG-BLOCK_0004"/>
         </mets:div>
         <mets:div ID="phys_0005" TYPE="page" DMDID="DMGT_0005" ORDER="5">
            <mets:fptr FILEID="DEFAULT_0005"/>
            <mets:fptr FILEID="OCR-D-IMG_0005"/>
            <mets:fptr FILEID="OCR-D-GT-SEG-PAGE_0005"/>
            <mets:fptr FILEID="OCR-D-GT-SEG-BLOCK_0005"/>
         </mets:div>
         <mets:div ID="phys_0006" TYPE="page" DMDID="DMGT_0006" ORDER="6">
            <mets:fptr FILEID="DEFAULT_0006"/>
            <mets:fptr FILEID="OCR-D-IMG_0006"/>
            <mets:fptr FILEID="OCR-D-GT-SEG-PAGE_0006"/>
            <mets:fptr FILEID="OCR-D-GT-SEG-BLOCK_0006"/>
         </mets:div>
         <mets:div ID="phys_0007" TYPE="page" DMDID="DMGT_0007" ORDER="7">
            <mets:fptr FILEID="DEFAULT_0007"/>
            <mets:fptr FILEID="OCR-D-IMG_0007"/>
            <mets:fptr FILEID="OCR-D-GT-SEG-PAGE_0007"/>
            <mets:fptr FILEID="OCR-D-GT-SEG-BLOCK_0007"/>
         </mets:div>
         <mets:div ID="phys_0008" TYPE="page" DMDID="DMGT_0008" ORDER="8">
            <mets:fptr FILEID="DEFAULT_0008"/>
            <mets:fptr FILEID="OCR-D-IMG_0008"/>
            <mets:fptr FILEID="OCR-D-GT-SEG-PAGE_0008"/>
            <mets:fptr FILEID="OCR-D-GT-SEG-BLOCK_0008"/>
         </mets:div>
      </mets:div>
   </mets:structMap>
   <mets:structLink>
      <mets:smLink xlink:from="loc_d1e417" xlink:to="phys_0001"/>
      <mets:smLink xlink:from="loc_d1e417" xlink:to="phys_0002"/>
      <mets:smLink xlink:from="loc_d1e417" xlink:to="phys_0003"/>
      <mets:smLink xlink:from="loc_d1e417" xlink:to="phys_0004"/>
      <mets:smLink xlink:from="loc_d1e417" xlink:to="phys_0005"/>
      <mets:smLink xlink:from="loc_d1e417" xlink:to="phys_0006"/>
      <mets:smLink xlink:from="loc_d1e417" xlink:to="phys_0007"/>
      <mets:smLink xlink:from="loc_d1e417" xlink:to="phys_0008"/>
   </mets:structLink>
</mets:mets>
