<?xml version="1.0" encoding="UTF-8"?>
<pc:PcGts xmlns:pc="http://schema.primaresearch.org/PAGE/gts/pagecontent/2019-07-15">
    <pc:Metadata>
        <pc:Creator>Deutsches Textarchiv</pc:Creator>
        <pc:Created>2018-03-22T05:19:03</pc:Created>
        <pc:LastChange>2019-09-17T11:00:13</pc:LastChange>
    </pc:Metadata>
    <pc:Page imageFilename="OCR-D-IMG/OCR-D-IMG_0004.jpg" imageWidth="1923" imageHeight="2748" type="content">
        <pc:Border>
            <pc:Coords points="1776,2570 1776,240 313,240 313,2570"/>
        </pc:Border>
        <pc:ReadingOrder>
            <pc:OrderedGroup id="ro357564684568544579089" caption="Regions reading order">
                <pc:RegionRefIndexed index="0" regionRef="r0"/>
                <pc:RegionRefIndexed index="1" regionRef="r5"/>
                <pc:RegionRefIndexed index="2" regionRef="r7"/>
                <pc:RegionRefIndexed index="3" regionRef="region_1"/>
                <pc:RegionRefIndexed index="4" regionRef="r4"/>
                <pc:RegionRefIndexed index="5" regionRef="region_2"/>
                <pc:RegionRefIndexed index="6" regionRef="r2"/>
            </pc:OrderedGroup>
        </pc:ReadingOrder>
        <pc:TextRegion id="region_1" type="footnote-continued">
            <pc:Coords points="438,1791 1638,1791 1638,1950 438,1950"/>
            <pc:TextRegion id="r4" type="paragraph">
                <pc:Coords points="449,1945 449,1807 1624,1807 1624,1945"/>
                <pc:TextEquiv>
                    <pc:Unicode></pc:Unicode>
                </pc:TextEquiv>
            </pc:TextRegion>
            <pc:TextEquiv>
                <pc:Unicode></pc:Unicode>
            </pc:TextEquiv>
        </pc:TextRegion>
        <pc:TextRegion id="region_2" type="footnote">
            <pc:Coords points="432,1953 1638,1953 1638,2400 432,2400"/>
            <pc:TextRegion id="r2" type="paragraph">
                <pc:Coords points="443,2387 443,1958 1627,1958 1627,2387"/>
                <pc:TextEquiv>
                    <pc:Unicode></pc:Unicode>
                </pc:TextEquiv>
            </pc:TextRegion>
            <pc:TextEquiv>
                <pc:Unicode></pc:Unicode>
            </pc:TextEquiv>
        </pc:TextRegion>
        <pc:TextRegion id="r0" type="page-number">
            <pc:Coords points="1220,383 1220,320 856,320 856,383"/>
            <pc:TextEquiv>
                <pc:Unicode></pc:Unicode>
            </pc:TextEquiv>
        </pc:TextRegion>
        <pc:TextRegion id="r5" type="paragraph">
            <pc:Coords points="1646,430 1646,1499 1450,1499 1450,1500 1060,1500 1060,1501 670,1501 670,1502 475,1502 475,430"/>
            <pc:TextEquiv>
                <pc:Unicode></pc:Unicode>
            </pc:TextEquiv>
        </pc:TextRegion>
        <pc:TextRegion id="r7" type="paragraph">
            <pc:Coords points="1646,1501 1646,1716 453,1716 453,1504 652,1504 652,1503 1050,1503 1050,1502 1448,1502 1448,1501"/>
            <pc:TextEquiv>
                <pc:Unicode></pc:Unicode>
            </pc:TextEquiv>
        </pc:TextRegion>
        <pc:GraphicRegion id="r1" type="handwritten-annotation">
            <pc:Coords points="460,833 460,363 333,363 333,833"/>
        </pc:GraphicRegion>
        <pc:SeparatorRegion id="r3">
            <pc:Coords points="766,1770 766,1726 430,1726 430,1770"/>
        </pc:SeparatorRegion>
    </pc:Page>
</pc:PcGts>
