<?xml version="1.0" encoding="UTF-8"?>
<pc:PcGts xmlns:pc="http://schema.primaresearch.org/PAGE/gts/pagecontent/2019-07-15">
    <pc:Metadata>
        <pc:Creator>Deutsches Textarchiv</pc:Creator>
        <pc:Created>2018-03-22T06:19:03</pc:Created>
        <pc:LastChange>2019-09-17T11:06:51</pc:LastChange>
    </pc:Metadata>
    <pc:Page imageFilename="OCR-D-IMG/OCR-D-IMG_0005.jpg" imageWidth="1924" imageHeight="2748" type="content">
        <pc:Border>
            <pc:Coords points="1516,2600 1516,246 16,246 16,2600"/>
        </pc:Border>
        <pc:ReadingOrder>
            <pc:OrderedGroup id="ro357564684568544579089" caption="Regions reading order">
                <pc:RegionRefIndexed index="0" regionRef="r0"/>
                <pc:RegionRefIndexed index="1" regionRef="r3"/>
                <pc:RegionRefIndexed index="2" regionRef="region_1"/>
                <pc:RegionRefIndexed index="3" regionRef="r2"/>
                <pc:RegionRefIndexed index="4" regionRef="r5"/>
                <pc:RegionRefIndexed index="5" regionRef="r4"/>
                <pc:RegionRefIndexed index="6" regionRef="r9"/>
                <pc:RegionRefIndexed index="7" regionRef="r6"/>
                <pc:RegionRefIndexed index="8" regionRef="r11"/>
                <pc:RegionRefIndexed index="9" regionRef="r7"/>
            </pc:OrderedGroup>
        </pc:ReadingOrder>
        <pc:TextRegion id="region_1" custom="#heading_level2" type="heading">
            <pc:Coords points="150,1092 1341,1092 1341,1227 150,1227"/>
            <pc:TextEquiv>
                <pc:Unicode></pc:Unicode>
            </pc:TextEquiv>
        </pc:TextRegion>
        <pc:TextRegion id="r0" type="page-number">
            <pc:Coords points="894,410 894,350 597,350 597,410"/>
            <pc:TextEquiv>
                <pc:Unicode></pc:Unicode>
            </pc:TextEquiv>
        </pc:TextRegion>
        <pc:TextRegion id="r2" type="paragraph">
            <pc:Coords points="1323,1396 1323,1253 156,1253 156,1396"/>
            <pc:TextEquiv>
                <pc:Unicode></pc:Unicode>
            </pc:TextEquiv>
        </pc:TextRegion>
        <pc:TextRegion id="r3" type="paragraph">
            <pc:Coords points="1333,1036 1333,436 150,436 150,1036"/>
            <pc:TextEquiv>
                <pc:Unicode></pc:Unicode>
            </pc:TextEquiv>
        </pc:TextRegion>
        <pc:TextRegion id="r5" type="footnote">
            <pc:Coords points="1359,1458 1359,2009 1312,2009 1312,2010 1218,2010 1218,2011 1124,2011 1124,2012 1030,2012 1030,2013 936,2013 936,2014 842,2014 842,2015 748,2015 748,2016 654,2016 654,2017 560,2017 560,2018 466,2018 466,2019 372,2019 372,2020 278,2020 278,2021 184,2021 184,2022 138,2022 138,1458"/>
            <pc:TextRegion id="r4" type="paragraph">
                <pc:Coords points="158,2005 158,1476 1336,1476 1336,2005"/>
                <pc:TextEquiv>
                    <pc:Unicode></pc:Unicode>
                </pc:TextEquiv>
            </pc:TextRegion>
            <pc:TextEquiv>
                <pc:Unicode></pc:Unicode>
            </pc:TextEquiv>
        </pc:TextRegion>
        <pc:TextRegion id="r9" type="footnote">
            <pc:Coords points="1359,2011 1359,2229 1312,2229 1312,2230 1218,2230 1218,2231 1124,2231 1124,2232 1030,2232 1030,2233 936,2233 936,2234 842,2234 842,2235 748,2235 748,2236 654,2236 654,2237 560,2237 560,2238 466,2238 466,2239 372,2239 372,2240 278,2240 278,2241 184,2241 184,2242 138,2242 138,2024 185,2024 185,2023 279,2023 279,2022 373,2022 373,2021 467,2021 467,2020 561,2020 561,2019 655,2019 655,2018 749,2018 749,2017 843,2017 843,2016 937,2016 937,2015 1031,2015 1031,2014 1125,2014 1125,2013 1219,2013 1219,2012 1313,2012 1313,2011"/>
            <pc:TextRegion id="r6" type="paragraph">
                <pc:Coords points="155,2233 158,2028 1347,2020 1347,2233"/>
                <pc:TextEquiv>
                    <pc:Unicode></pc:Unicode>
                </pc:TextEquiv>
            </pc:TextRegion>
            <pc:TextEquiv>
                <pc:Unicode></pc:Unicode>
            </pc:TextEquiv>
        </pc:TextRegion>
        <pc:TextRegion id="r11" type="footnote">
            <pc:Coords points="1359,2231 1359,2412 138,2412 138,2244 185,2244 185,2243 279,2243 279,2242 373,2242 373,2241 467,2241 467,2240 561,2240 561,2239 655,2239 655,2238 749,2238 749,2237 843,2237 843,2236 937,2236 937,2235 1031,2235 1031,2234 1125,2234 1125,2233 1219,2233 1219,2232 1313,2232 1313,2231"/>
            <pc:TextRegion id="r7" type="paragraph">
                <pc:Coords points="157,2245 157,2398 1342,2398 1342,2245"/>
                <pc:TextEquiv>
                    <pc:Unicode></pc:Unicode>
                </pc:TextEquiv>
            </pc:TextRegion>
            <pc:TextEquiv>
                <pc:Unicode></pc:Unicode>
            </pc:TextEquiv>
        </pc:TextRegion>
        <pc:SeparatorRegion id="r1">
            <pc:Coords points="466,1446 466,1406 156,1406 156,1446"/>
        </pc:SeparatorRegion>
    </pc:Page>
</pc:PcGts>
