<?xml version="1.0" encoding="UTF-8"?>
<pc:PcGts xmlns:pc="http://schema.primaresearch.org/PAGE/gts/pagecontent/2019-07-15">
    <pc:Metadata>
        <pc:Creator>Deutsches Textarchiv</pc:Creator>
        <pc:Created>2018-03-22T07:19:03</pc:Created>
        <pc:LastChange>2019-09-17T11:02:42</pc:LastChange>
    </pc:Metadata>
    <pc:Page imageFilename="OCR-D-IMG/OCR-D-IMG_0002.jpg" imageWidth="1924" imageHeight="2748" type="content">
        <pc:Border>
            <pc:Coords points="1586,2586 1586,213 113,213 113,2586"/>
        </pc:Border>
        <pc:ReadingOrder>
            <pc:OrderedGroup id="ro357564684568544579089" caption="Regions reading order">
                <pc:RegionRefIndexed index="0" regionRef="r0"/>
                <pc:RegionRefIndexed index="1" regionRef="r4"/>
                <pc:RegionRefIndexed index="2" regionRef="r6"/>
                <pc:RegionRefIndexed index="3" regionRef="r8"/>
                <pc:RegionRefIndexed index="4" regionRef="r10"/>
                <pc:RegionRefIndexed index="5" regionRef="region_2"/>
            </pc:OrderedGroup>
        </pc:ReadingOrder>
        <pc:TextRegion id="region_2" type="signature-mark">
            <pc:Coords points="1119,2367 1215,2367 1215,2421 1119,2421"/>
            <pc:TextEquiv>
                <pc:Unicode></pc:Unicode>
            </pc:TextEquiv>
        </pc:TextRegion>
        <pc:TextRegion id="r0" type="page-number">
            <pc:Coords points="1001,403 1001,316 682,316 682,403"/>
            <pc:TextEquiv>
                <pc:Unicode></pc:Unicode>
            </pc:TextEquiv>
        </pc:TextRegion>
        <pc:TextRegion id="r4" type="paragraph">
            <pc:Coords points="1430,416 1430,555 1368,555 1368,556 1246,556 1246,557 1124,557 1124,558 1001,558 1001,559 879,559 879,560 756,560 756,561 634,561 634,562 512,562 512,563 389,563 389,564 267,564 267,565 206,565 206,416"/>
            <pc:TextEquiv>
                <pc:Unicode></pc:Unicode>
            </pc:TextEquiv>
        </pc:TextRegion>
        <pc:TextRegion id="r6" type="paragraph">
            <pc:Coords points="1430,557 1430,1653 206,1653 206,567 268,567 268,566 390,566 390,565 513,565 513,564 635,564 635,563 757,563 757,562 880,562 880,561 1002,561 1002,560 1125,560 1125,559 1247,559 1247,558 1369,558 1369,557"/>
            <pc:TextEquiv>
                <pc:Unicode></pc:Unicode>
            </pc:TextEquiv>
        </pc:TextRegion>
        <pc:TextRegion id="r8" type="footnote">
            <pc:Coords points="1446,1707 1446,2265 1293,2265 1293,2266 987,2266 987,2267 681,2267 681,2268 375,2268 375,2269 222,2269 222,1707"/>
            <pc:TextRegion id="r1" type="paragraph">
                <pc:Coords points="245,2244 245,1728 1422,1728 1422,2244"/>
                <pc:TextEquiv>
                    <pc:Unicode></pc:Unicode>
                </pc:TextEquiv>
            </pc:TextRegion>
            <pc:TextEquiv>
                <pc:Unicode></pc:Unicode>
            </pc:TextEquiv>
        </pc:TextRegion>
        <pc:TextRegion id="r10" type="footnote">
            <pc:Coords points="1446,2267 1446,2367 222,2367 222,2271 376,2271 376,2270 682,2270 682,2269 988,2269 988,2268 1294,2268 1294,2267"/>
            <pc:TextRegion id="r3" type="paragraph">
                <pc:Coords points="235,2275 235,2360 376,2358 1405,2352 1405,2275"/>
                <pc:TextEquiv>
                    <pc:Unicode></pc:Unicode>
                </pc:TextEquiv>
            </pc:TextRegion>
            <pc:TextEquiv>
                <pc:Unicode></pc:Unicode>
            </pc:TextEquiv>
        </pc:TextRegion>
        <pc:SeparatorRegion id="r2">
            <pc:Coords points="566,1706 566,1666 240,1666 240,1706"/>
        </pc:SeparatorRegion>
    </pc:Page>
</pc:PcGts>
