<?xml version="1.0" encoding="UTF-8"?>
<pc:PcGts xmlns:pc="http://schema.primaresearch.org/PAGE/gts/pagecontent/2019-07-15">
    <pc:Metadata>
        <pc:Creator>Deutsches Textarchiv</pc:Creator>
        <pc:Created>2018-03-22T07:19:03</pc:Created>
        <pc:LastChange>2019-09-17T10:45:05</pc:LastChange>
    </pc:Metadata>
    <pc:Page imageFilename="OCR-D-IMG/OCR-D-IMG_0007.jpg" imageWidth="1924" imageHeight="2748" type="content">
        <pc:Border>
            <pc:Coords points="1890,2560 1890,223 473,223 473,2560"/>
        </pc:Border>
        <pc:ReadingOrder>
            <pc:OrderedGroup id="ro357564684568544579089" caption="Regions reading order">
                <pc:RegionRefIndexed index="0" regionRef="r0"/>
                <pc:RegionRefIndexed index="1" regionRef="r1"/>
                <pc:RegionRefIndexed index="2" regionRef="region_1"/>
                <pc:RegionRefIndexed index="3" regionRef="region_2"/>
                <pc:RegionRefIndexed index="4" regionRef="r4"/>
            </pc:OrderedGroup>
        </pc:ReadingOrder>
        <pc:TextRegion id="region_1" type="footnote-continued">
            <pc:Coords points="602,903 1797,903 1797,2397 602,2397"/>
            <pc:TextEquiv>
                <pc:Unicode></pc:Unicode>
            </pc:TextEquiv>
        </pc:TextRegion>
        <pc:TextRegion id="region_2" custom="#list_item" type="paragraph">
            <pc:Coords points="603,903 1797,903 1797,1173 603,1173"/>
            <pc:TextEquiv>
                <pc:Unicode></pc:Unicode>
            </pc:TextEquiv>
        </pc:TextRegion>
        <pc:TextRegion id="r0" type="page-number">
            <pc:Coords points="1388,373 1388,323 1027,323 1027,373"/>
            <pc:TextEquiv>
                <pc:Unicode></pc:Unicode>
            </pc:TextEquiv>
        </pc:TextRegion>
        <pc:TextRegion id="r1" type="paragraph">
            <pc:Coords points="1813,853 1813,416 625,416 625,853"/>
            <pc:TextEquiv>
                <pc:Unicode></pc:Unicode>
            </pc:TextEquiv>
        </pc:TextRegion>
        <pc:TextRegion id="r4" custom="#list_item" type="paragraph">
            <pc:Coords points="609,1178 1787,1178 1787,2377 609,2377"/>
            <pc:TextEquiv>
                <pc:Unicode></pc:Unicode>
            </pc:TextEquiv>
        </pc:TextRegion>
        <pc:GraphicRegion id="r3" type="handwritten-annotation">
            <pc:Coords points="606,841 606,558 556,558 556,841"/>
        </pc:GraphicRegion>
        <pc:GraphicRegion id="r5" type="handwritten-annotation">
            <pc:Coords points="591,2397 591,2083 537,2083 537,2397"/>
        </pc:GraphicRegion>
        <pc:SeparatorRegion id="r2">
            <pc:Coords points="943,894 943,879 613,879 613,894"/>
        </pc:SeparatorRegion>
    </pc:Page>
</pc:PcGts>
