<?xml version="1.0" encoding="UTF-8"?>
<pc:PcGts xmlns:pc="http://schema.primaresearch.org/PAGE/gts/pagecontent/2019-07-15">
    <pc:Metadata>
        <pc:Creator>Deutsches Textarchiv</pc:Creator>
        <pc:Created>2018-03-22T07:19:03</pc:Created>
        <pc:LastChange>2019-09-17T10:43:32</pc:LastChange>
    </pc:Metadata>
    <pc:Page imageFilename="OCR-D-IMG/OCR-D-IMG_0008.jpg" imageWidth="1924" imageHeight="2748" type="content">
        <pc:Border>
            <pc:Coords points="1613,2566 1613,266 73,266 73,2566"/>
        </pc:Border>
        <pc:ReadingOrder>
            <pc:OrderedGroup id="ro357564684568544579089" caption="Regions reading order">
                <pc:RegionRefIndexed index="0" regionRef="r0"/>
                <pc:RegionRefIndexed index="1" regionRef="r1"/>
                <pc:RegionRefIndexed index="2" regionRef="region_1"/>
                <pc:RegionRefIndexed index="3" regionRef="r3"/>
                <pc:RegionRefIndexed index="4" regionRef="region_2"/>
            </pc:OrderedGroup>
        </pc:ReadingOrder>
        <pc:TextRegion id="region_1" type="footnote">
            <pc:Coords points="258,1125 1476,1125 1476,2389 258,2389"/>
            <pc:TextRegion id="r3" type="paragraph">
                <pc:Coords points="277,2382 277,1135 1452,1135 1452,2382"/>
                <pc:TextEquiv>
                    <pc:Unicode></pc:Unicode>
                </pc:TextEquiv>
            </pc:TextRegion>
            <pc:TextEquiv>
                <pc:Unicode></pc:Unicode>
            </pc:TextEquiv>
        </pc:TextRegion>
        <pc:TextRegion id="region_2" type="signature-mark">
            <pc:Coords points="1143,2382 1248,2382 1248,2425 1143,2425"/>
            <pc:TextEquiv>
                <pc:Unicode></pc:Unicode>
            </pc:TextEquiv>
        </pc:TextRegion>
        <pc:TextRegion id="r0" type="page-number">
            <pc:Coords points="1014,400 1014,353 674,353 674,400"/>
            <pc:TextEquiv>
                <pc:Unicode></pc:Unicode>
            </pc:TextEquiv>
        </pc:TextRegion>
        <pc:TextRegion id="r1" type="paragraph">
            <pc:Coords points="1443,1066 1443,446 253,446 253,1066"/>
            <pc:TextEquiv>
                <pc:Unicode></pc:Unicode>
            </pc:TextEquiv>
        </pc:TextRegion>
        <pc:SeparatorRegion id="r2">
            <pc:Coords points="578,1123 578,1108 273,1108 273,1123"/>
        </pc:SeparatorRegion>
    </pc:Page>
</pc:PcGts>
