<?xml version="1.0" encoding="UTF-8"?>
<pc:PcGts xmlns:pc="http://schema.primaresearch.org/PAGE/gts/pagecontent/2019-07-15">
    <pc:Metadata>
        <pc:Creator>Deutsches Textarchiv</pc:Creator>
        <pc:Created>2018-03-22T07:19:03</pc:Created>
        <pc:LastChange>2019-09-17T10:55:15</pc:LastChange>
    </pc:Metadata>
    <pc:Page imageFilename="OCR-D-IMG/OCR-D-IMG_0006.jpg" imageWidth="1924" imageHeight="2748" type="content">
        <pc:Border>
            <pc:Coords points="1530,2540 1530,246 60,246 60,2540"/>
        </pc:Border>
        <pc:ReadingOrder>
            <pc:OrderedGroup id="ro357564684568544579089" caption="Regions reading order">
                <pc:RegionRefIndexed index="0" regionRef="r0"/>
                <pc:RegionRefIndexed index="1" regionRef="r2"/>
                <pc:RegionRefIndexed index="2" regionRef="region_1"/>
                <pc:RegionRefIndexed index="3" regionRef="region_2"/>
                <pc:RegionRefIndexed index="4" regionRef="region_3"/>
            </pc:OrderedGroup>
        </pc:ReadingOrder>
        <pc:TextRegion id="region_1" type="footnote">
            <pc:Coords points="138,609 1404,609 1404,2385 138,2385"/>
            <pc:TextEquiv>
                <pc:Unicode></pc:Unicode>
            </pc:TextEquiv>
        </pc:TextRegion>
        <pc:TextRegion id="region_2" custom="#list_item" type="paragraph">
            <pc:Coords points="189,1395 1389,1395 1389,2382 189,2382"/>
            <pc:TextEquiv>
                <pc:Unicode></pc:Unicode>
            </pc:TextEquiv>
        </pc:TextRegion>
        <pc:TextRegion id="region_3" type="signature-mark">
            <pc:Coords points="1086,2385 1203,2385 1203,2430 1086,2430"/>
            <pc:TextEquiv>
                <pc:Unicode></pc:Unicode>
            </pc:TextEquiv>
        </pc:TextRegion>
        <pc:TextRegion id="r0" type="page-number">
            <pc:Coords points="959,400 959,330 592,330 592,400"/>
            <pc:TextEquiv>
                <pc:Unicode></pc:Unicode>
            </pc:TextEquiv>
        </pc:TextRegion>
        <pc:TextRegion id="r2" type="paragraph">
            <pc:Coords points="1393,563 1393,426 126,426 126,563"/>
            <pc:TextEquiv>
                <pc:Unicode></pc:Unicode>
            </pc:TextEquiv>
        </pc:TextRegion>
        <pc:TextRegion id="r4" custom="#list_item" type="paragraph">
            <pc:Coords points="170,613 1370,613 1370,1383 170,1383"/>
            <pc:TextEquiv>
                <pc:Unicode></pc:Unicode>
            </pc:TextEquiv>
        </pc:TextRegion>
        <pc:SeparatorRegion id="r1">
            <pc:Coords points="520,600 520,580 166,580 166,600"/>
        </pc:SeparatorRegion>
    </pc:Page>
</pc:PcGts>
