<?xml version="1.0" encoding="UTF-8"?>
<pc:PcGts xmlns:pc="http://schema.primaresearch.org/PAGE/gts/pagecontent/2019-07-15">
    <pc:Metadata>
        <pc:Creator>Deutsches Textarchiv</pc:Creator>
        <pc:Created>2018-03-22T07:19:03</pc:Created>
        <pc:LastChange>2019-09-17T11:01:46</pc:LastChange>
    </pc:Metadata>
    <pc:Page imageFilename="OCR-D-IMG/OCR-D-IMG_0003.jpg" imageWidth="1924" imageHeight="2748" type="content">
        <pc:Border>
            <pc:Coords points="1606,2590 1606,190 110,190 110,2590"/>
        </pc:Border>
        <pc:ReadingOrder>
            <pc:OrderedGroup id="ro357564684568544579089" caption="Regions reading order">
                <pc:RegionRefIndexed index="0" regionRef="r0"/>
                <pc:RegionRefIndexed index="1" regionRef="r4"/>
                <pc:RegionRefIndexed index="2" regionRef="r8"/>
                <pc:RegionRefIndexed index="3" regionRef="r10"/>
                <pc:RegionRefIndexed index="4" regionRef="r3"/>
                <pc:RegionRefIndexed index="5" regionRef="r1"/>
                <pc:RegionRefIndexed index="6" regionRef="r9"/>
                <pc:RegionRefIndexed index="7" regionRef="r5"/>
                <pc:RegionRefIndexed index="8" regionRef="r14"/>
                <pc:RegionRefIndexed index="9" regionRef="r6"/>
                <pc:RegionRefIndexed index="10" regionRef="r16"/>
                <pc:RegionRefIndexed index="11" regionRef="r7"/>
                <pc:RegionRefIndexed index="12" regionRef="region_2"/>
            </pc:OrderedGroup>
        </pc:ReadingOrder>
        <pc:TextRegion id="region_2" type="signature-mark">
            <pc:Coords points="1086,2385 1203,2385 1203,2445 1086,2445"/>
            <pc:TextEquiv>
                <pc:Unicode></pc:Unicode>
            </pc:TextEquiv>
        </pc:TextRegion>
        <pc:TextRegion id="r0" type="page-number">
            <pc:Coords points="991,406 991,343 691,343 691,406"/>
            <pc:TextEquiv>
                <pc:Unicode></pc:Unicode>
            </pc:TextEquiv>
        </pc:TextRegion>
        <pc:TextRegion id="r4" type="paragraph">
            <pc:Coords points="1403,426 1403,552 1344,552 1344,553 1227,553 1227,554 1111,554 1111,555 994,555 994,556 877,556 877,557 761,557 761,558 644,558 644,559 527,559 527,560 411,560 411,561 294,561 294,562 236,562 236,426"/>
            <pc:TextEquiv>
                <pc:Unicode></pc:Unicode>
            </pc:TextEquiv>
        </pc:TextRegion>
        <pc:TextRegion id="r8" type="paragraph">
            <pc:Coords points="1403,554 1403,1242 1319,1242 1319,1243 1152,1243 1152,1244 986,1244 986,1245 819,1245 819,1246 652,1246 652,1247 486,1247 486,1248 319,1248 319,1249 236,1249 236,564 295,564 295,563 412,563 412,562 528,562 528,561 645,561 645,560 762,560 762,559 878,559 878,558 995,558 995,557 1112,557 1112,556 1228,556 1228,555 1345,555 1345,554"/>
            <pc:TextEquiv>
                <pc:Unicode></pc:Unicode>
            </pc:TextEquiv>
        </pc:TextRegion>
        <pc:TextRegion id="r10" type="paragraph">
            <pc:Coords points="1403,1244 1403,1643 236,1643 236,1251 320,1251 320,1250 487,1250 487,1249 653,1249 653,1248 820,1248 820,1247 987,1247 987,1246 1153,1246 1153,1245 1320,1245 1320,1244"/>
            <pc:TextEquiv>
                <pc:Unicode></pc:Unicode>
            </pc:TextEquiv>
        </pc:TextRegion>
        <pc:TextRegion id="r3" type="footnote">
            <pc:Coords points="1431,1692 1431,2079 1345,2079 1345,2078 1172,2078 1172,2077 1000,2077 1000,2076 827,2076 827,2075 654,2075 654,2074 482,2074 482,2073 309,2073 309,2072 222,2072 222,1692"/>
            <pc:TextRegion id="r1" type="paragraph">
                <pc:Coords points="238,2063 238,1708 1416,1708 1416,2063"/>
                <pc:TextEquiv>
                    <pc:Unicode></pc:Unicode>
                </pc:TextEquiv>
            </pc:TextRegion>
            <pc:TextEquiv>
                <pc:Unicode></pc:Unicode>
            </pc:TextEquiv>
        </pc:TextRegion>
        <pc:TextRegion id="r9" type="footnote">
            <pc:Coords points="308,2074 308,2075 481,2075 481,2076 653,2076 653,2077 826,2077 826,2078 999,2078 999,2079 1171,2079 1171,2080 1344,2080 1344,2081 1431,2081 1431,2179 1229,2179 1229,2180 826,2180 826,2181 423,2181 423,2182 222,2182 222,2074"/>
            <pc:TextRegion id="r5" type="paragraph">
                <pc:Coords points="233,2174 233,2088 1415,2088 1415,2174"/>
                <pc:TextEquiv>
                    <pc:Unicode></pc:Unicode>
                </pc:TextEquiv>
            </pc:TextRegion>
            <pc:TextEquiv>
                <pc:Unicode></pc:Unicode>
            </pc:TextEquiv>
        </pc:TextRegion>
        <pc:TextRegion id="r14" type="footnote">
            <pc:Coords points="1431,2181 1431,2265 1408,2265 1408,2266 1363,2266 1363,2267 1319,2267 1319,2268 1274,2268 1274,2269 1229,2269 1229,2270 1184,2270 1184,2271 1139,2271 1139,2272 1095,2272 1095,2273 1050,2273 1050,2274 1005,2274 1005,2275 960,2275 960,2276 916,2276 916,2277 871,2277 871,2278 826,2278 826,2279 781,2279 781,2280 736,2280 736,2281 692,2281 692,2282 647,2282 647,2283 602,2283 602,2284 557,2284 557,2285 513,2285 513,2286 468,2286 468,2287 423,2287 423,2288 378,2288 378,2289 333,2289 333,2290 289,2290 289,2291 244,2291 244,2292 222,2292 222,2184 424,2184 424,2183 827,2183 827,2182 1230,2182 1230,2181"/>
            <pc:TextRegion id="r6" type="paragraph">
                <pc:Coords points="236,2285 236,2186 1421,2186 1409,2232 1303,2231 976,2249"/>
                <pc:TextEquiv>
                    <pc:Unicode></pc:Unicode>
                </pc:TextEquiv>
            </pc:TextRegion>
            <pc:TextEquiv>
                <pc:Unicode></pc:Unicode>
            </pc:TextEquiv>
        </pc:TextRegion>
        <pc:TextRegion id="r16" type="footnote">
            <pc:Coords points="1431,2267 1431,2382 222,2382 222,2294 245,2294 245,2293 290,2293 290,2292 334,2292 334,2291 379,2291 379,2290 424,2290 424,2289 469,2289 469,2288 514,2288 514,2287 558,2287 558,2286 603,2286 603,2285 648,2285 648,2284 693,2284 693,2283 737,2283 737,2282 782,2282 782,2281 827,2281 827,2280 872,2280 872,2279 917,2279 917,2278 961,2278 961,2277 1006,2277 1006,2276 1051,2276 1051,2275 1096,2275 1096,2274 1140,2274 1140,2273 1185,2273 1185,2272 1230,2272 1230,2271 1275,2271 1275,2270 1320,2270 1320,2269 1364,2269 1364,2268 1409,2268 1409,2267"/>
            <pc:TextRegion id="r7" type="paragraph">
                <pc:Coords points="243,2293 243,2370 1408,2370 1408,2293"/>
                <pc:TextEquiv>
                    <pc:Unicode></pc:Unicode>
                </pc:TextEquiv>
            </pc:TextRegion>
            <pc:TextEquiv>
                <pc:Unicode></pc:Unicode>
            </pc:TextEquiv>
        </pc:TextRegion>
        <pc:SeparatorRegion id="r2">
            <pc:Coords points="537,1676 537,1654 256,1654 256,1676"/>
        </pc:SeparatorRegion>
    </pc:Page>
</pc:PcGts>
