<?xml version="1.0" encoding="UTF-8"?>
<pc:PcGts xmlns:pc="http://schema.primaresearch.org/PAGE/gts/pagecontent/2019-07-15">
    <pc:Metadata>
        <pc:Creator>Deutsches Textarchiv</pc:Creator>
        <pc:Created>2018-03-22T07:19:03</pc:Created>
        <pc:LastChange>2019-09-17T11:06:24</pc:LastChange>
    </pc:Metadata>
    <pc:Page imageFilename="OCR-D-IMG/OCR-D-IMG_0001.jpg" imageWidth="1924" imageHeight="2748" type="content">
        <pc:Border>
            <pc:Coords points="1603,2576 1603,203 80,203 80,2576"/>
        </pc:Border>
        <pc:ReadingOrder>
            <pc:OrderedGroup id="ro357564684568544579089" caption="Regions reading order">
                <pc:RegionRefIndexed index="0" regionRef="r2"/>
                <pc:RegionRefIndexed index="1" regionRef="r0"/>
                <pc:RegionRefIndexed index="2" regionRef="region_1"/>
                <pc:RegionRefIndexed index="3" regionRef="r1"/>
                <pc:RegionRefIndexed index="4" regionRef="r4"/>
                <pc:RegionRefIndexed index="5" regionRef="r8"/>
                <pc:RegionRefIndexed index="6" regionRef="r6"/>
                <pc:RegionRefIndexed index="7" regionRef="r5"/>
            </pc:OrderedGroup>
        </pc:ReadingOrder>
        <pc:TextRegion id="region_1" type="footnote-continued">
            <pc:Coords points="225,1119 1461,1119 1461,1449 225,1449"/>
            <pc:TextRegion id="r1" type="paragraph">
                <pc:Coords points="243,1441 243,1133 1439,1133 1439,1441"/>
                <pc:TextEquiv>
                    <pc:Unicode></pc:Unicode>
                </pc:TextEquiv>
            </pc:TextRegion>
            <pc:TextEquiv>
                <pc:Unicode></pc:Unicode>
            </pc:TextEquiv>
        </pc:TextRegion>
        <pc:TextRegion id="r0" type="paragraph">
            <pc:Coords points="1430,1063 1430,446 253,446 253,1063"/>
            <pc:TextEquiv>
                <pc:Unicode></pc:Unicode>
            </pc:TextEquiv>
        </pc:TextRegion>
        <pc:TextRegion id="r2" type="page-number">
            <pc:Coords points="675,336 675,386 1003,386 1003,336"/>
            <pc:TextEquiv>
                <pc:Unicode></pc:Unicode>
            </pc:TextEquiv>
        </pc:TextRegion>
        <pc:TextRegion id="r4" type="footnote">
            <pc:Coords points="1461,1449 1461,2242 1373,2242 1373,2241 1195,2241 1195,2240 1018,2240 1018,2239 841,2239 841,2238 663,2238 663,2237 486,2237 486,2236 308,2236 308,2235 219,2235 219,1449"/>
            <pc:TextRegion id="r8" type="paragraph">
                <pc:Coords points="240,2233 240,1455 1444,1455 1444,2233"/>
                <pc:TextEquiv>
                    <pc:Unicode></pc:Unicode>
                </pc:TextEquiv>
            </pc:TextRegion>
            <pc:TextEquiv>
                <pc:Unicode></pc:Unicode>
            </pc:TextEquiv>
        </pc:TextRegion>
        <pc:TextRegion id="r6" type="footnote">
            <pc:Coords points="307,2237 307,2238 485,2238 485,2239 662,2239 662,2240 840,2240 840,2241 1017,2241 1017,2242 1194,2242 1194,2243 1372,2243 1372,2244 1461,2244 1461,2406 219,2406 219,2237"/>
            <pc:TextRegion id="r5" type="paragraph">
                <pc:Coords points="227,2249 227,2396 1446,2396 1446,2249"/>
                <pc:TextEquiv>
                    <pc:Unicode></pc:Unicode>
                </pc:TextEquiv>
            </pc:TextRegion>
            <pc:TextEquiv>
                <pc:Unicode></pc:Unicode>
            </pc:TextEquiv>
        </pc:TextRegion>
        <pc:GraphicRegion id="r9" type="handwritten-annotation">
            <pc:Coords points="1472,1010 1472,787 1437,787 1437,1010"/>
        </pc:GraphicRegion>
        <pc:SeparatorRegion id="r3">
            <pc:Coords points="590,1103 590,1086 236,1086 236,1103"/>
        </pc:SeparatorRegion>
    </pc:Page>
</pc:PcGts>
